Workbook

Sheet Upute
B2: OBRAZAC ZA EVALUACIJU CHATBOTA Vojno zakonodavstvo · Verzija 1.0
B4: SVRHA
B5: Ovaj obrazac koristi se za strukturiranu evaluaciju chatbota koji odgovara na pitanja iz područja vojnog zakonodavstva. Svaki evaluator samostalno ocjenjuje odgovore chatbota uspoređujući ih s odgovorima eksperta (zlatni standard).
B7: DIMENZIJE OCJENJIVANJA
B8: Dimenzija | C8: Opis | D8: Primarni evaluator
B9: Pravna točnost | C9: Ispravnost citiranja zakona, članaka i propisa | D9: Pravni ekspert + Vojni
B10: Citiranje propisa | C10: Točnost navođenja specifičnih zakona, broj članaka i stavaka | D10: Pravni ekspert + Vojni
B11: Praktična primjenjivost | C11: Korisnost odgovora u stvarnoj vojnoj situaciji | D11: Vojni evaluatori
B12: Potpunost odgovora | C12: Obuhvaća li odgovor sve relevantne aspekte pitanja | D12: Svi evaluatori
B13: Jasnoća | C13: Razumljivost i preciznost formulacije odgovora | D13: Svi evaluatori
B15: SKALA OCJENJIVANJA (1–5)
B16: Ocjena | C16: Oznaka | D16: Opis
B17: 1 | C17: Nedovoljno | D17: Odgovor je faktično netočan, citira pogrešne zakone ili je potpuno neprimjenjiv
B18: 2 | C18: Slabo | D18: Odgovor je djelomično točan ali sadrži značajne pravne pogreške
B19: 3 | C19: Prosječno | D19: Odgovor je uglavnom točan ali nepotpun ili nedovoljno precizan
B20: 4 | C20: Dobro | D20: Odgovor je točan i primjenjiv uz manje nedostatke
B21: 5 | C21: Izvrsno | D21: Odgovor je potpuno točan, precizno citira propise i praktično primjenjiv
B23: UPUTE ZA KORIŠTENJE
B24: 1. Otvorite list s vašom ulogom (Pravni ekspert, Vojni evaluator 1 ili Vojni evaluator 2).
B25: 2. Unesite vaše ime i datum u zaglavlje obrasca.
B26: 3. Za svako od 31 pitanja unesite pitanje, odgovor eksperta i odgovor chatbota (ili kopirajte iz izvora).
B27: 4. Ocjenite svaku dimenziju odabirom broja 1–5 iz padajućeg izbornika.
B28: 5. Obavezno unesite komentar za sve ocjene 1 ili 2.
B29: 6. Nakon završetka, pogledajte list 'Analiza' za automatski izračun rezultata.
B30: 7. Evaluatori rade NEOVISNO – ne konzultirajte se prije završetka ocjenjivanja.

Sheet Pravni ekspert
B2: EVALUACIJA CHATBOTA – PRAVNI EKSPERT
B3: Ime evaluatora: | D3: Datum: | F3: Chatbot: | H3: Uloga: | I3: Pravni ekspert
B5: Br. | C5: Pitanje | D5: Odgovor eksperta (zlatni standard) | E5: Odgovor chatbota | F5: Pravna točnost | G5: Citiranje propisa | H5: Praktična primjenjivost | I5: Potpunost odgovora | J5: Jasnoća | K5: Prosječna ocjena | L5: Komentar (obavezno za ocj. 1-2)
B6: 1 | K6: =IFERROR(AVERAGE(F6:J6),"")
B7: 2 | K7: =IFERROR(AVERAGE(F7:J7),"")
B8: 3 | K8: =IFERROR(AVERAGE(F8:J8),"")
B9: 4 | K9: =IFERROR(AVERAGE(F9:J9),"")
B10: 5 | K10: =IFERROR(AVERAGE(F10:J10),"")
B11: 6 | K11: =IFERROR(AVERAGE(F11:J11),"")
B12: 7 | K12: =IFERROR(AVERAGE(F12:J12),"")
B13: 8 | K13: =IFERROR(AVERAGE(F13:J13),"")
B14: 9 | K14: =IFERROR(AVERAGE(F14:J14),"")
B15: 10 | K15: =IFERROR(AVERAGE(F15:J15),"")
B16: 11 | K16: =IFERROR(AVERAGE(F16:J16),"")
B17: 12 | K17: =IFERROR(AVERAGE(F17:J17),"")
... B36: 31 | K36: =IFERROR(AVERAGE(F36:J36),"")
B37: PROSJEK PO DIMENZIJI | F37: =IFERROR(AVERAGE(F6:F36),"") | G37: =IFERROR(AVERAGE(G6:G36),"") | H37: =IFERROR(AVERAGE(H6:H36),"") | I37: =IFERROR(AVERAGE(I6:I36),"") | J37: =IFERROR(AVERAGE(J6:J36),"") | K37: =IFERROR(AVERAGE(F37:J37),"")

Sheet Vojni evaluator 1
B2: EVALUACIJA CHATBOTA – VOJNI EVALUATOR 1
B3: Ime evaluatora: | D3: Datum: | F3: Chatbot: | H3: Uloga: | I3: Vojni evaluator 1
B5: Br. | C5: Pitanje | D5: Odgovor eksperta (zlatni standard) | E5: Odgovor chatbota | F5: Pravna točnost | G5: Citiranje propisa | H5: Praktična primjenjivost | I5: Potpunost odgovora | J5: Jasnoća | K5: Prosječna ocjena | L5: Komentar (obavezno za ocj. 1-2)
B6: 1 | K6: =IFERROR(AVERAGE(F6:J6),"")
B7: 2 | K7: =IFERROR(AVERAGE(F7:J7),"")
B8: 3 | K8: =IFERROR(AVERAGE(F8:J8),"")
B9: 4 | K9: =IFERROR(AVERAGE(F9:J9),"")
B10: 5 | K10: =IFERROR(AVERAGE(F10:J10),"")
B11: 6 | K11: =IFERROR(AVERAGE(F11:J11),"")
B12: 7 | K12: =IFERROR(AVERAGE(F12:J12),"")
B13: 8 | K13: =IFERROR(AVERAGE(F13:J13),"")
B14: 9 | K14: =IFERROR(AVERAGE(F14:J14),"")
B15: 10 | K15: =IFERROR(AVERAGE(F15:J15),"")
B16: 11 | K16: =IFERROR(AVERAGE(F16:J16),"")
B17: 12 | K17: =IFERROR(AVERAGE(F17:J17),"")
... B36: 31 | K36: =IFERROR(AVERAGE(F36:J36),"")
B37: PROSJEK PO DIMENZIJI | F37: =IFERROR(AVERAGE(F6:F36),"") | G37: =IFERROR(AVERAGE(G6:G36),"") | H37: =IFERROR(AVERAGE(H6:H36),"") | I37: =IFERROR(AVERAGE(I6:I36),"") | J37: =IFERROR(AVERAGE(J6:J36),"") | K37: =IFERROR(AVERAGE(F37:J37),"")

Sheet Vojni evaluator 2
B2: EVALUACIJA CHATBOTA – VOJNI EVALUATOR 2
B3: Ime evaluatora: | D3: Datum: | F3: Chatbot: | H3: Uloga: | I3: Vojni evaluator 2
B5: Br. | C5: Pitanje | D5: Odgovor eksperta (zlatni standard) | E5: Odgovor chatbota | F5: Pravna točnost | G5: Citiranje propisa | H5: Praktična primjenjivost | I5: Potpunost odgovora | J5: Jasnoća | K5: Prosječna ocjena | L5: Komentar (obavezno za ocj. 1-2)
B6: 1 | K6: =IFERROR(AVERAGE(F6:J6),"")
B7: 2 | K7: =IFERROR(AVERAGE(F7:J7),"")
B8: 3 | K8: =IFERROR(AVERAGE(F8:J8),"")
B9: 4 | K9: =IFERROR(AVERAGE(F9:J9),"")
B10: 5 | K10: =IFERROR(AVERAGE(F10:J10),"")
B11: 6 | K11: =IFERROR(AVERAGE(F11:J11),"")
B12: 7 | K12: =IFERROR(AVERAGE(F12:J12),"")
B13: 8 | K13: =IFERROR(AVERAGE(F13:J13),"")
B14: 9 | K14: =IFERROR(AVERAGE(F14:J14),"")
B15: 10 | K15: =IFERROR(AVERAGE(F15:J15),"")
B16: 11 | K16: =IFERROR(AVERAGE(F16:J16),"")
B17: 12 | K17: =IFERROR(AVERAGE(F17:J17),"")
... B36: 31 | K36: =IFERROR(AVERAGE(F36:J36),"")
B37: PROSJEK PO DIMENZIJI | F37: =IFERROR(AVERAGE(F6:F36),"") | G37: =IFERROR(AVERAGE(G6:G36),"") | H37: =IFERROR(AVERAGE(H6:H36),"") | I37: =IFERROR(AVERAGE(I6:I36),"") | J37: =IFERROR(AVERAGE(J6:J36),"") | K37: =IFERROR(AVERAGE(F37:J37),"")

Sheet Automatske metrike
B2: AUTOMATSKE METRIKE – IMPORT IZ COLAB
B3: ⚠ Ručno zalijepite CSV izvoz iz Colab notebooka (Pitanje br. | ROUGE-L | BERTScore F1 | Cosine similarity). Stupci F, G, H.
B5: Br. | C5: Pitanje | D5: Odgovor eksperta (zlatni standard) | E5: Odgovor chatbota | F5: ROUGE-L (0–1) | G5: BERTScore F1 (0–1) | H5: Cosine similarity (0–1) | I5: Prosjek autom. metrika
B6: 1 | I6: =IFERROR(AVERAGE(F6:H6),"")
B7: 2 | I7: =IFERROR(AVERAGE(F7:H7),"")
B8: 3 | I8: =IFERROR(AVERAGE(F8:H8),"")
B9: 4 | I9: =IFERROR(AVERAGE(F9:H9),"")
B10: 5 | I10: =IFERROR(AVERAGE(F10:H10),"")
B11: 6 | I11: =IFERROR(AVERAGE(F11:H11),"")
B12: 7 | I12: =IFERROR(AVERAGE(F12:H12),"")
B13: 8 | I13: =IFERROR(AVERAGE(F13:H13),"")
B14: 9 | I14: =IFERROR(AVERAGE(F14:H14),"")
B15: 10 | I15: =IFERROR(AVERAGE(F15:H15),"")
B16: 11 | I16: =IFERROR(AVERAGE(F16:H16),"")
B17: 12 | I17: =IFERROR(AVERAGE(F17:H17),"")
... B36: 31 | I36: =IFERROR(AVERAGE(F36:H36),"")
B37: PROSJEK PO METRICI | F37: =IFERROR(AVERAGE(F6:F36),"") | G37: =IFERROR(AVERAGE(G6:G36),"") | H37: =IFERROR(AVERAGE(H6:H36),"") | I37: =IFERROR(AVERAGE(I6:I36),"")

Sheet Analiza
B2: ANALIZA REZULTATA EVALUACIJE
B4: PROSJEČNE OCJENE PO DIMENZIJI
B5: Dimenzija | C5: Pravni ekspert | D5: Vojni eval. 1 | E5: Vojni eval. 2 | F5: Prosjek vojnih | G5: Ukupni prosjek
B6: Pravna točnost | C6: ='Pravni ekspert'!F37 | D6: ='Vojni evaluator 1'!F37 | E6: ='Vojni evaluator 2'!F37 | F6: =IFERROR(AVERAGE(D6:E6),"") | G6: =IFERROR(AVERAGE(C6:E6),"")
B7: Citiranje propisa | C7: ='Pravni ekspert'!G37 | D7: ='Vojni evaluator 1'!G37 | E7: ='Vojni evaluator 2'!G37 | F7: =IFERROR(AVERAGE(D7:E7),"") | G7: =IFERROR(AVERAGE(C7:E7),"")
B8: Praktična primjenjivost | C8: ='Pravni ekspert'!H37 | D8: ='Vojni evaluator 1'!H37 | E8: ='Vojni evaluator 2'!H37 | F8: =IFERROR(AVERAGE(D8:E8),"") | G8: =IFERROR(AVERAGE(C8:E8),"")
B9: Potpunost odgovora | C9: ='Pravni ekspert'!I37 | D9: ='Vojni evaluator 1'!I37 | E9: ='Vojni evaluator 2'!I37 | F9: =IFERROR(AVERAGE(D9:E9),"") | G9: =IFERROR(AVERAGE(C9:E9),"")
B10: Jasnoća | C10: ='Pravni ekspert'!J37 | D10: ='Vojni evaluator 1'!J37 | E10: ='Vojni evaluator 2'!J37 | F10: =IFERROR(AVERAGE(D10:E10),"") | G10: =IFERROR(AVERAGE(C10:E10),"")
B12: UKUPNI PROSJEK | C12: =IFERROR(AVERAGE(C6:C10),"") | D12: =IFERROR(AVERAGE(D6:D10),"") | E12: =IFERROR(AVERAGE(E6:E10),"") | F12: =IFERROR(AVERAGE(F6:F10),"") | G12: =IFERROR(AVERAGE(G6:G10),"")
B14: SLAGANJE VOJNIH EVALUATORA (po dimenziji)
B15: Dimenzija | C15: Vojni eval. 1 | D15: Vojni eval. 2 | E15: Razlika | F15: Napomena
B16: Pravna točnost | C16: ='Vojni evaluator 1'!F37 | D16: ='Vojni evaluator 2'!F37 | E16: =IFERROR(ABS(C16-D16),"") | F16: =IF(E16="","",IF(E16<=0.5,"Visoko slaganje",IF(E16<=1,"Umjereno slaganje","Nisko slaganje")))
B17: Citiranje propisa | C17: ='Vojni evaluator 1'!G37 | D17: ='Vojni evaluator 2'!G37 | E17: =IFERROR(ABS(C17-D17),"") | F17: =IF(E17="","",IF(E17<=0.5,"Visoko slaganje",IF(E17<=1,"Umjereno slaganje","Nisko slaganje")))
B18: Praktična primjenjivost | C18: ='Vojni evaluator 1'!H37 | D18: ='Vojni evaluator 2'!H37 | E18: =IFERROR(ABS(C18-D18),"") | F18: =IF(E18="","",IF(E18<=0.5,"Visoko slaganje",IF(E18<=1,"Umjereno slaganje","Nisko slaganje")))
B19: Potpunost odgovora | C19: ='Vojni evaluator 1'!I37 | D19: ='Vojni evaluator 2'!I37 | E19: =IFERROR(ABS(C19-D19),"") | F19: =IF(E19="","",IF(E19<=0.5,"Visoko slaganje",IF(E19<=1,"Umjereno slaganje","Nisko slaganje")))
B20: Jasnoća | C20: ='Vojni evaluator 1'!J37 | D20: ='Vojni evaluator 2'!J37 | E20: =IFERROR(ABS(C20-D20),"") | F20: =IF(E20="","",IF(E20<=0.5,"Visoko slaganje",IF(E20<=1,"Umjereno slaganje","Nisko slaganje")))
B24: AUTOMATSKE METRIKE – PROSJECI
B25: Metrika | C25: Prosjek (sva pitanja) | D25: Min | E25: Max | F25: Interpretacija
B26: ROUGE-L | C26: ='Automatske metrike'!F37 | D26: =IFERROR(MIN('Automatske metrike'!F6:F36),"") -> 0 | E26: =IFERROR(MAX('Automatske metrike'!F6:F36),"") -> 0 | F26: >0.4 dobro za pravni tekst
B27: BERTScore F1 | C27: ='Automatske metrike'!G37 | D27: =IFERROR(MIN('Automatske metrike'!G6:G36),"") -> 0 | E27: =IFERROR(MAX('Automatske metrike'!G6:G36),"") -> 0 | F27: >0.85 odličan semantički poklapaj
B28: Cosine similarity | C28: ='Automatske metrike'!H37 | D28: =IFERROR(MIN('Automatske metrike'!H6:H36),"") -> 0 | E28: =IFERROR(MAX('Automatske metrike'!H6:H36),"") -> 0 | F28: >0.75 visoka semantička sličnost
B29: Prosjek metrika | C29: ='Automatske metrike'!I37 | D29: =IFERROR(MIN('Automatske metrike'!I6:I36),"") -> 0 | E29: =IFERROR(MAX('Automatske metrike'!I6:I36),"") -> 0 | F29: Ukupna automatska ocjena
B31: Napomena: Korelaciju između automatskih metrika i ljudskih ocjena preporučujemo izračunati u Pythonu (scipy.stats.pearsonr / spearmanr) nakon završetka svih evaluacija.
